<annotation>
	<folder>collectedimages</folder>
	<filename>hello.77ed84b2-9f52-11ed-8615-acde48001122.jpg</filename>
	<path>/Users/iskandarkholmatov/Desktop/RealTimeObjectDetection/Tensorflow/workspace/images/collectedimages/hello.77ed84b2-9f52-11ed-8615-acde48001122.jpg</path>
	<source>
		<database>Unknown</database>
	</source>
	<size>
		<width>1280</width>
		<height>720</height>
		<depth>3</depth>
	</size>
	<segmented>0</segmented>
	<object>
		<name>Hello</name>
		<pose>Unspecified</pose>
		<truncated>0</truncated>
		<difficult>0</difficult>
		<bndbox>
			<xmin>449</xmin>
			<ymin>2</ymin>
			<xmax>826</xmax>
			<ymax>465</ymax>
		</bndbox>
	</object>
</annotation>
