<annotation>
	<folder>collectedimages</folder>
	<filename>hello.9a1d94dc-9f52-11ed-b412-acde48001122.jpg</filename>
	<path>/Users/iskandarkholmatov/Desktop/RealTimeObjectDetection/Tensorflow/workspace/images/collectedimages/hello.9a1d94dc-9f52-11ed-b412-acde48001122.jpg</path>
	<source>
		<database>Unknown</database>
	</source>
	<size>
		<width>1280</width>
		<height>720</height>
		<depth>3</depth>
	</size>
	<segmented>0</segmented>
	<object>
		<name>Hello</name>
		<pose>Unspecified</pose>
		<truncated>0</truncated>
		<difficult>0</difficult>
		<bndbox>
			<xmin>426</xmin>
			<ymin>28</ymin>
			<xmax>937</xmax>
			<ymax>580</ymax>
		</bndbox>
	</object>
</annotation>
