<annotation>
	<folder>collectedimages</folder>
	<filename>yes.e1fe426a-9f52-11ed-a800-acde48001122.jpg</filename>
	<path>/Users/iskandarkholmatov/Desktop/RealTimeObjectDetection/Tensorflow/workspace/images/collectedimages/yes.e1fe426a-9f52-11ed-a800-acde48001122.jpg</path>
	<source>
		<database>Unknown</database>
	</source>
	<size>
		<width>1280</width>
		<height>720</height>
		<depth>3</depth>
	</size>
	<segmented>0</segmented>
	<object>
		<name>Yes</name>
		<pose>Unspecified</pose>
		<truncated>0</truncated>
		<difficult>0</difficult>
		<bndbox>
			<xmin>300</xmin>
			<ymin>328</ymin>
			<xmax>726</xmax>
			<ymax>647</ymax>
		</bndbox>
	</object>
</annotation>
